Workbook

Sheet Read Me
B2: Motherson Warehouse — Inventory Holding Cost Model
B3: Discussion model — replace the yellow input cells with real SKU-level data as it becomes available.
B5: How to use this workbook
B6: 1. Go to the 'Inputs & Assumptions' tab. Every yellow cell with blue text is editable.
B7: 2. 'Holding Cost Model' recalculates automatically from those inputs — nothing there needs to be typed in.
B8: 3. Change the Scenario Multiplier (Conservative 0.85 / Base 1.00 / Aggressive 1.18) to see the savings range move.
B9: 4. All figures are illustrative, built from industry-benchmark holding-cost ratios, until real data replaces them.
B11: Color legend
B12: Editable input
B13: Calculated (formula — do not hardcode)
B14: Section header
B16: Tabs
... B20: ABC Analysis — working SKU-level classifier with sample data; paste your real export in and it reclassifies automatically

Sheet Inputs & Assumptions
B2: Inputs & Assumptions
B3: Edit the yellow cells. Everything on 'Holding Cost Model' updates automatically.
B5: Scope
B6: Base SKUs | C6: 1100
B7: Variants per SKU | C7: 6
B9: Unit economics & inventory position
B10: Avg. unit cost (₹) | C10: 1800
B11: Avg. annual demand per SKU-variant (units) | C11: 850
B12: Current days of supply on hand | C12: 96
B13: Holding cost rate (% of inventory value / yr) | C13: 0.24
B15: Holding cost driver split (must total 100%)
B16: Capital cost | C16: 0.46
B17: Storage & handling | C17: 0.19
B18: Risk & obsolescence | C18: 0.27
B19: Service (insurance / tax) | C19: 0.08
B20: Check: total | C20: =SUM(C16:C19) | D20: Must equal 100.0% — adjust the four splits above if not.
B22: Savings levers — % of current holding cost
B23: Scenario multiplier | C23: 1
B24: Safety-stock right-sizing (base %) | C24: 0.062 | D24: Reorder points set from demand variability instead of flat buffer days.
B25: Dead / slow-mover liquidation (base %) | C25: 0.07 | D25: Clearing/returning low-value, unpredictable-demand (C-Z/C-Y) inventory.
B26: Order-quantity (EOQ) optimization (base %) | C26: 0.032 | D26: Right-sized lot sizes — carrying cost vs. ordering cost trade-off.
B27: Variant rationalization (base %) | C27: 0.021 | D27: Consolidating low-demand variants that fragment volume.

Sheet ABC-XYZ Reference
B2: ABC × XYZ Reference Segmentation
B3: Illustrative distribution of inventory value across 6,600 SKU-variants — replace with actuals once demand history is available.
B5: Share of total inventory value, by segment
C6: X — steady demand | D6: Y — variable demand | E6: Z — sporadic demand
B7: A — high value | C7: 0.42 | D7: 0.12 | E7: 0.03
B8: B — mid value | C8: 0.09 | D8: 0.1 | E8: 0.04
B9: C — low value | C9: 0.03 | D9: 0.06 | E9: 0.11
B11: C-Z (bottom right): low value, sporadic demand — the classic dead/slow-moving stock segment.

Sheet ABC Analysis
B2: ABC Analysis — SKU-Level Classification
B3: A working classifier, not a static illustration. Delete the sample rows below and paste your real SKU export into the same columns — every formula re-ranks and reclassifies automatically.
B5: Classification thresholds
B6: Class A cutoff (cumulative % of value) | C6: 0.8 | D6: Everything above the B cutoff falls into Class C.
B7: Class B cutoff (cumulative % of value) | C7: 0.95
B10: SAMPLE DATA (rows below) — replace with your SKU-level export; keep the same 5 input columns
B11: SKU ID | C11: Category | D11: Annual usage (units) | E11: Unit cost (₹) | F11: Annual usage value (₹) | G11: Rank | H11: Cumulative value (₹) | I11: Cumulative % of value | J11: Class | L11: Rank | M11: SKU at rank | N11: Value at rank (₹) | O11: Cumulative % at rank
B12: MS-0001 | C12: Wiring Harness | D12: 43 | E12: 2661 | F12: =D12*E12 | G12: =RANK(F12,$F$12:$F$71,0)+COUNTIF($F$12:F12,F12)-1 | H12: =SUMPRODUCT(($G$12:$G$71<=G12)*$F$12:$F$71) | I12: =H12/SUM($F$12:$F$71) | J12: =IF(I12<=$C$6,"A",IF(I12<=$C$7,"B","C")) | L12: 1 | M12: =INDEX($B$12:$B$71,MATCH(L12,$G$12:$G$71,0)) | N12: =INDEX($F$12:$F$71,MATCH(L12,$G$12:$G$71,0)) | O12: =INDEX($I$12:$I$71,MATCH(L12,$G$12:$G$71,0))
B13: MS-0002 | C13: Mirror Assemblies | D13: 109 | E13: 1995 | F13: =D13*E13 | G13: =RANK(F13,$F$12:$F$71,0)+COUNTIF($F$12:F13,F13)-1 | H13: =SUMPRODUCT(($G$12:$G$71<=G13)*$F$12:$F$71) | I13: =H13/SUM($F$12:$F$71) | J13: =IF(I13<=$C$6,"A",IF(I13<=$C$7,"B","C")) | L13: 2 | M13: =INDEX($B$12:$B$71,MATCH(L13,$G$12:$G$71,0)) | N13: =INDEX($F$12:$F$71,MATCH(L13,$G$12:$G$71,0)) | O13: =INDEX($I$12:$I$71,MATCH(L13,$G$12:$G$71,0))
B14: MS-0003 | C14: Polymer & Interior | D14: 27 | E14: 2763 | F14: =D14*E14 | G14: =RANK(F14,$F$12:$F$71,0)+COUNTIF($F$12:F14,F14)-1 | H14: =SUMPRODUCT(($G$12:$G$71<=G14)*$F$12:$F$71) | I14: =H14/SUM($F$12:$F$71) | J14: =IF(I14<=$C$6,"A",IF(I14<=$C$7,"B","C")) | L14: 3 | M14: =INDEX($B$12:$B$71,MATCH(L14,$G$12:$G$71,0)) | N14: =INDEX($F$12:$F$71,MATCH(L14,$G$12:$G$71,0)) | O14: =INDEX($I$12:$I$71,MATCH(L14,$G$12:$G$71,0))
B15: MS-0004 | C15: Lighting Systems | D15: 287 | E15: 1864 | F15: =D15*E15 | G15: =RANK(F15,$F$12:$F$71,0)+COUNTIF($F$12:F15,F15)-1 | H15: =SUMPRODUCT(($G$12:$G$71<=G15)*$F$12:$F$71) | I15: =H15/SUM($F$12:$F$71) | J15: =IF(I15<=$C$6,"A",IF(I15<=$C$7,"B","C")) | L15: 4 | M15: =INDEX($B$12:$B$71,MATCH(L15,$G$12:$G$71,0)) | N15: =INDEX($F$12:$F$71,MATCH(L15,$G$12:$G$71,0)) | O15: =INDEX($I$12:$I$71,MATCH(L15,$G$12:$G$71,0))
B16: MS-0005 | C16: Elastomer & Sealing | D16: 150 | E16: 2266 | F16: =D16*E16 | G16: =RANK(F16,$F$12:$F$71,0)+COUNTIF($F$12:F16,F16)-1 | H16: =SUMPRODUCT(($G$12:$G$71<=G16)*$F$12:$F$71) | I16: =H16/SUM($F$12:$F$71) | J16: =IF(I16<=$C$6,"A",IF(I16<=$C$7,"B","C")) | L16: 5 | M16: =INDEX($B$12:$B$71,MATCH(L16,$G$12:$G$71,0)) | N16: =INDEX($F$12:$F$71,MATCH(L16,$G$12:$G$71,0)) | O16: =INDEX($I$12:$I$71,MATCH(L16,$G$12:$G$71,0))
B17: MS-0006 | C17: Modules & Others | D17: 1396 | E17: 185 | F17: =D17*E17 | G17: =RANK(F17,$F$12:$F$71,0)+COUNTIF($F$12:F17,F17)-1 | H17: =SUMPRODUCT(($G$12:$G$71<=G17)*$F$12:$F$71) | I17: =H17/SUM($F$12:$F$71) | J17: =IF(I17<=$C$6,"A",IF(I17<=$C$7,"B","C")) | L17: 6 | M17: =INDEX($B$12:$B$71,MATCH(L17,$G$12:$G$71,0)) | N17: =INDEX($F$12:$F$71,MATCH(L17,$G$12:$G$71,0)) | O17: =INDEX($I$12:$I$71,MATCH(L17,$G$12:$G$71,0))
B18: MS-0007 | C18: Wiring Harness | D18: 95 | E18: 760 | F18: =D18*E18 | G18: =RANK(F18,$F$12:$F$71,0)+COUNTIF($F$12:F18,F18)-1 | H18: =SUMPRODUCT(($G$12:$G$71<=G18)*$F$12:$F$71) | I18: =H18/SUM($F$12:$F$71) | J18: =IF(I18<=$C$6,"A",IF(I18<=$C$7,"B","C")) | L18: 7 | M18: =INDEX($B$12:$B$71,MATCH(L18,$G$12:$G$71,0)) | N18: =INDEX($F$12:$F$71,MATCH(L18,$G$12:$G$71,0)) | O18: =INDEX($I$12:$I$71,MATCH(L18,$G$12:$G$71,0))
B19: MS-0008 | C19: Mirror Assemblies | D19: 71 | E19: 954 | F19: =D19*E19 | G19: =RANK(F19,$F$12:$F$71,0)+COUNTIF($F$12:F19,F19)-1 | H19: =SUMPRODUCT(($G$12:$G$71<=G19)*$F$12:$F$71) | I19: =H19/SUM($F$12:$F$71) | J19: =IF(I19<=$C$6,"A",IF(I19<=$C$7,"B","C")) | L19: 8 | M19: =INDEX($B$12:$B$71,MATCH(L19,$G$12:$G$71,0)) | N19: =INDEX($F$12:$F$71,MATCH(L19,$G$12:$G$71,0)) | O19: =INDEX($I$12:$I$71,MATCH(L19,$G$12:$G$71,0))
B20: MS-0009 | C20: Polymer & Interior | D20: 473 | E20: 292 | F20: =D20*E20 | G20: =RANK(F20,$F$12:$F$71,0)+COUNTIF($F$12:F20,F20)-1 | H20: =SUMPRODUCT(($G$12:$G$71<=G20)*$F$12:$F$71) | I20: =H20/SUM($F$12:$F$71) | J20: =IF(I20<=$C$6,"A",IF(I20<=$C$7,"B","C")) | L20: 9 | M20: =INDEX($B$12:$B$71,MATCH(L20,$G$12:$G$71,0)) | N20: =INDEX($F$12:$F$71,MATCH(L20,$G$12:$G$71,0)) | O20: =INDEX($I$12:$I$71,MATCH(L20,$G$12:$G$71,0))
B21: MS-0010 | C21: Lighting Systems | D21: 355 | E21: 776 | F21: =D21*E21 | G21: =RANK(F21,$F$12:$F$71,0)+COUNTIF($F$12:F21,F21)-1 | H21: =SUMPRODUCT(($G$12:$G$71<=G21)*$F$12:$F$71) | I21: =H21/SUM($F$12:$F$71) | J21: =IF(I21<=$C$6,"A",IF(I21<=$C$7,"B","C")) | L21: 10 | M21: =INDEX($B$12:$B$71,MATCH(L21,$G$12:$G$71,0)) | N21: =INDEX($F$12:$F$71,MATCH(L21,$G$12:$G$71,0)) | O21: =INDEX($I$12:$I$71,MATCH(L21,$G$12:$G$71,0))
B22: MS-0011 | C22: Elastomer & Sealing | D22: 1888 | E22: 359 | F22: =D22*E22 | G22: =RANK(F22,$F$12:$F$71,0)+COUNTIF($F$12:F22,F22)-1 | H22: =SUMPRODUCT(($G$12:$G$71<=G22)*$F$12:$F$71) | I22: =H22/SUM($F$12:$F$71) | J22: =IF(I22<=$C$6,"A",IF(I22<=$C$7,"B","C")) | L22: 11 | M22: =INDEX($B$12:$B$71,MATCH(L22,$G$12:$G$71,0)) | N22: =INDEX($F$12:$F$71,MATCH(L22,$G$12:$G$71,0)) | O22: =INDEX($I$12:$I$71,MATCH(L22,$G$12:$G$71,0))
B23: MS-0012 | C23: Modules & Others | D23: 135 | E23: 918 | F23: =D23*E23 | G23: =RANK(F23,$F$12:$F$71,0)+COUNTIF($F$12:F23,F23)-1 | H23: =SUMPRODUCT(($G$12:$G$71<=G23)*$F$12:$F$71) | I23: =H23/SUM($F$12:$F$71) | J23: =IF(I23<=$C$6,"A",IF(I23<=$C$7,"B","C")) | L23: 12 | M23: =INDEX($B$12:$B$71,MATCH(L23,$G$12:$G$71,0)) | N23: =INDEX($F$12:$F$71,MATCH(L23,$G$12:$G$71,0)) | O23: =INDEX($I$12:$I$71,MATCH(L23,$G$12:$G$71,0))
... B71: MS-0060 | C71: Modules & Others | D71: 87 | E71: 1246 | F71: =D71*E71 | G71: =RANK(F71,$F$12:$F$71,0)+COUNTIF($F$12:F71,F71)-1 | H71: =SUMPRODUCT(($G$12:$G$71<=G71)*$F$12:$F$71) | I71: =H71/SUM($F$12:$F$71) | J71: =IF(I71<=$C$6,"A",IF(I71<=$C$7,"B","C")) | L71: 60 | M71: =INDEX($B$12:$B$71,MATCH(L71,$G$12:$G$71,0)) | N71: =INDEX($F$12:$F$71,MATCH(L71,$G$12:$G$71,0)) | O71: =INDEX($I$12:$I$71,MATCH(L71,$G$12:$G$71,0))
B72: Total | F72: =SUM(F12:F71)
B74: Summary by class
B75: Class | C75: SKU count | D75: % of SKUs | E75: Value (₹) | F75: % of value
B76: A | C76: =COUNTIF($J$12:$J$71,"A") | D76: =C76/60 | E76: =SUMIF($J$12:$J$71,"A",$F$12:$F$71) | F76: =E76/$F$72
B77: B | C77: =COUNTIF($J$12:$J$71,"B") | D77: =C77/60 | E77: =SUMIF($J$12:$J$71,"B",$F$12:$F$71) | F77: =E77/$F$72
B78: C | C78: =COUNTIF($J$12:$J$71,"C") | D78: =C78/60 | E78: =SUMIF($J$12:$J$71,"C",$F$12:$F$71) | F78: =E78/$F$72
B79: Total | C79: =SUM(C76:C78) | D79: =SUM(D76:D78) | E79: =SUM(E76:E78) | F79: =SUM(F76:F78)

Sheet Holding Cost Model
B2: Holding Cost Model — Current State & Savings Waterfall
B3: Every cell below is a formula referencing 'Inputs & Assumptions'. Nothing here should ever be typed over.
B5: Current state
B6: Total SKU-variants | C6: ='Inputs & Assumptions'!C6*'Inputs & Assumptions'!C7
B7: Avg. inventory units per SKU-variant | C7: ='Inputs & Assumptions'!C11/365*'Inputs & Assumptions'!C12
B8: Total inventory value | C8: =C6*'Inputs & Assumptions'!C10*C7
B9: Current annual holding cost | C9: =C8*'Inputs & Assumptions'!C13
B10: as % of inventory value | C10: =C9/C8
B12: Current holding cost, by driver
B13: Driver | C13: Share | D13: Annual cost (₹)
B14: Capital cost | C14: ='Inputs & Assumptions'!C16 | D14: =$C$9*C14
B15: Storage & handling | C15: ='Inputs & Assumptions'!C17 | D15: =$C$9*C15
B16: Risk & obsolescence | C16: ='Inputs & Assumptions'!C18 | D16: =$C$9*C16
B17: Service (insurance/tax) | C17: ='Inputs & Assumptions'!C19 | D17: =$C$9*C17
B18: Total | C18: =SUM(C14:C17) | D18: =SUM(D14:D17)
B20: Savings waterfall
B21: Lever | C21: % of holding cost | D21: Annual savings (₹) | E21: Notes
B22: Safety-stock right-sizing | C22: ='Inputs & Assumptions'!C24*'Inputs & Assumptions'!$C$23 | D22: =$C$9*C22 | E22: Reorder points from demand variability
B23: Dead / slow-mover liquidation | C23: ='Inputs & Assumptions'!C25*'Inputs & Assumptions'!$C$23 | D23: =$C$9*C23 | E23: Clear C-Z / C-Y inventory
B24: Order-quantity (EOQ) optimization | C24: ='Inputs & Assumptions'!C26*'Inputs & Assumptions'!$C$23 | D24: =$C$9*C24 | E24: Right-sized replenishment lots
B25: Variant rationalization | C25: ='Inputs & Assumptions'!C27*'Inputs & Assumptions'!$C$23 | D25: =$C$9*C25 | E25: Consolidate low-demand variants
B26: Total modelled savings | C26: =SUM(C22:C25) | D26: =SUM(D22:D25)
B28: Target state
B29: Target annual holding cost | C29: =C9-D26
B30: as % of inventory value | C30: =C29/C8
B31: In 15–20% target range? | C31: =IF(AND(C26>=0.15,C26<=0.20),"Yes","Check scenario/inputs")
